source,cid1,cid1_name,cid2,cid2_name,sale_qtty,gmv,dt
pop,652,手机数码,654,摄影摄像,188934,1.08E+08,May-19
self,652,手机数码,654,摄影摄像,395120,3.18E+08,May-19
self,652,手机数码,828,影音娱乐,2380867,4.48E+08,May-19
pop,652,手机数码,828,影音娱乐,1484286,2.58E+08,May-19
self,652,手机数码,829,数码配件,1789249,1.24E+08,May-19
pop,652,手机数码,829,数码配件,564139,4.12E+07,May-19
self,652,手机数码,981,虚拟商品,570649,1299756,May-19
pop,652,手机数码,981,虚拟商品,770072,3079810,May-19
pop,652,手机数码,4973,赠品,180,0,May-19
self,652,手机数码,4973,赠品,95,0,May-19
pop,652,手机数码,12345,智能设备,840430,1.60E+08,May-19
self,652,手机数码,12345,智能设备,1382141,4.56E+08,May-19
self,652,手机数码,12346,电子教育,208930,9.51E+07,May-19
pop,652,手机数码,12346,电子教育,98638,2.95E+07,May-19
self,652,手机数码,16951,数码维修,18666,569930,May-19
pop,670,电脑、办公,671,电脑整机,1295872,1.02E+09,May-19
self,670,电脑、办公,671,电脑整机,1373139,3.15E+09,May-19
pop,670,电脑、办公,677,电脑配件,709990,4.06E+08,May-19
self,670,电脑、办公,677,电脑配件,1742333,1.05E+09,May-19
pop,670,电脑、办公,686,外设产品,2363296,1.51E+08,May-19
self,670,电脑、办公,686,外设产品,6456611,5.39E+08,May-19
pop,670,电脑、办公,699,网络产品,478276,6.42E+07,May-19
self,670,电脑、办公,699,网络产品,1529640,2.44E+08,May-19
pop,670,电脑、办公,703,服务产品,51117,5697016,May-19
self,670,电脑、办公,703,服务产品,29929,4893516,May-19
pop,670,电脑、办公,716,办公设备,1670028,3.58E+08,May-19
self,670,电脑、办公,716,办公设备,869229,5.14E+08,May-19
pop,670,电脑、办公,729,文具/耗材,6452937,1.90E+08,May-19
self,670,电脑、办公,729,文具/耗材,15087667,4.81E+08,May-19
pop,670,电脑、办公,807,赠品,213956,40061,May-19
self,670,电脑、办公,807,赠品,514,351,May-19
self,670,电脑、办公,12800,游戏设备,148970,4.77E+07,May-19
pop,670,电脑、办公,12800,游戏设备,166821,4.82E+07,May-19
pop,670,电脑、办公,16943,电脑办公安装,651,12910,May-19
self,670,电脑、办公,16943,电脑办公安装,4631,705951,May-19
pop,670,电脑、办公,16946,电脑办公维修,3,482,May-19
self,670,电脑、办公,16946,电脑办公维修,454,87105,May-19
self,737,家用电器,738,生活电器,3978565,1.11E+09,May-19
pop,737,家用电器,738,生活电器,2697367,5.33E+08,May-19
self,737,家用电器,752,厨房小电,4178828,8.07E+08,May-19
pop,737,家用电器,752,厨房小电,2234311,3.58E+08,May-19
self,737,家用电器,794,大家电,4775981,6.72E+09,May-19
pop,737,家用电器,794,大家电,2271980,1.47E+09,May-19
pop,737,家用电器,1276,个护健康,2648005,4.13E+08,May-19
self,737,家用电器,1276,个护健康,2272545,4.55E+08,May-19
self,737,家用电器,4826,赠品,31993,253,May-19
self,737,家用电器,13297,厨卫大电,780993,9.08E+08,May-19
pop,737,家用电器,13297,厨卫大电,670586,4.09E+08,May-19
self,737,家用电器,14857,商用电器,18635,1.02E+07,May-19
pop,737,家用电器,14857,商用电器,275395,1.11E+08,May-19
self,737,家用电器,16962,家电服务,654295,3660630,May-19
pop,737,家用电器,16962,家电服务,8211,536732,May-19
self,737,家用电器,17394,家电配件,213766,2.10E+07,May-19
pop,737,家用电器,17394,家电配件,481787,2.14E+07,May-19
self,737,家用电器,17407,视听影音,100330,4.92E+07,May-19
pop,737,家用电器,17407,视听影音,60497,3.28E+07,May-19
pop,1315,服装配饰,1342,男装,15725965,9.12E+08,May-19
self,1315,服装配饰,1342,男装,794256,7.80E+07,May-19
pop,1315,服装配饰,1343,女装,8548063,7.16E+08,May-19
self,1315,服装配饰,1343,女装,128862,1.58E+07,May-19
pop,1315,服装配饰,1345,内衣,6004629,2.89E+08,May-19
self,1315,服装配饰,1345,内衣,2216282,1.03E+08,May-19
self,1315,服装配饰,1346,服饰配件,373243,3.73E+07,May-19
pop,1315,服装配饰,1346,服饰配件,2724073,1.14E+08,May-19
self,1315,服装配饰,13529,洗衣服务,5,820,May-19
pop,1315,服装配饰,13529,洗衣服务,1,0,May-19
self,1316,美妆个护,1381,面部护肤,10420481,7.69E+08,May-19
pop,1316,美妆个护,1381,面部护肤,7131424,3.86E+08,May-19
pop,1316,美妆个护,1383,身体护理,3364,60658,May-19
pop,1316,美妆个护,1384,口腔护理,449,11230,May-19
pop,1316,美妆个护,1385,女性护理,1839,9361,May-19
pop,1316,美妆个护,1386,洗发护发,6313,47108,May-19
self,1316,美妆个护,1387,香水彩妆,2280510,2.48E+08,May-19
pop,1316,美妆个护,1387,香水彩妆,3108069,2.74E+08,May-19
pop,1316,美妆个护,1625,清洁用品,8387,137986,May-19
pop,1316,美妆个护,4976,赠品,11320,0,May-19
pop,1316,美妆个护,16831,男士面部护肤,869018,3.82E+07,May-19
self,1316,美妆个护,16831,男士面部护肤,2045152,1.07E+08,May-19
pop,1316,美妆个护,16832,美妆工具,747032,1.24E+07,May-19
self,1316,美妆个护,16832,美妆工具,708624,1.22E+07,May-19
pop,1318,运动户外,1462,户外装备,2547528,1.44E+08,May-19
self,1318,运动户外,1462,户外装备,1102394,6.80E+07,May-19
pop,1318,运动户外,1463,健身训练,835772,1.52E+08,May-19
self,1318,运动户外,1463,健身训练,243810,6.08E+07,May-19
pop,1318,运动户外,1466,体育用品,805983,6.33E+07,May-19
self,1318,运动户外,1466,体育用品,697256,5.73E+07,May-19
pop,1318,运动户外,2628,户外鞋服,820698,7.64E+07,May-19
self,1318,运动户外,2628,户外鞋服,109351,1.43E+07,May-19
self,1318,运动户外,12099,运动鞋包,534930,1.24E+08,May-19
pop,1318,运动户外,12099,运动鞋包,2985055,5.77E+08,May-19
self,1318,运动户外,12102,运动服饰,223155,3.03E+07,May-19
pop,1318,运动户外,12102,运动服饰,2428843,2.46E+08,May-19
pop,1318,运动户外,12115,骑行运动,894896,1.91E+08,May-19
self,1318,运动户外,12115,骑行运动,183533,2.94E+07,May-19
pop,1318,运动户外,12147,垂钓用品,2621417,1.15E+08,May-19
self,1318,运动户外,12147,垂钓用品,129047,7828686,May-19
pop,1318,运动户外,12154,游泳用品,331396,2.27E+07,May-19
self,1318,运动户外,12154,游泳用品,263712,1.99E+07,May-19
pop,1318,运动户外,15293,体育服务,2834,486973,May-19
pop,1318,运动户外,15684,运动护具,453270,2.33E+07,May-19
self,1318,运动户外,15684,运动护具,142340,9663656,May-19
self,1318,运动户外,15700,瑜伽舞蹈,225566,1.40E+07,May-19
pop,1318,运动户外,15700,瑜伽舞蹈,277944,1.81E+07,May-19
pop,1318,运动户外,15763,马术/民俗运动,16158,782509,May-19
self,1318,运动户外,15763,马术/民俗运动,12733,359898,May-19
pop,1318,运动户外,17040,冰上运动,763,212970,May-19
self,1318,运动户外,17040,冰上运动,8,2094,May-19
self,1318,运动户外,17122,武术搏击,12162,1241410,May-19
pop,1318,运动户外,17122,武术搏击,98304,1.12E+07,May-19
self,1318,运动户外,17228,棋牌麻将,46346,2989665,May-19
pop,1318,运动户外,17228,棋牌麻将,259254,1.79E+07,May-19
pop,1318,运动户外,17229,轮滑滑板,171381,1.92E+07,May-19
self,1318,运动户外,17229,轮滑滑板,41683,8041653,May-19
pop,1318,运动户外,17342,滑雪运动,2145,234360,May-19
pop,1319,母婴用品,1523,奶粉,1051683,1.96E+08,May-19
self,1319,母婴用品,1523,奶粉,3749441,9.92E+08,May-19
self,1319,母婴用品,1524,营养辅食,2248186,8.80E+07,May-19
pop,1319,母婴用品,1524,营养辅食,667243,3.85E+07,May-19
self,1319,母婴用品,1525,尿裤湿巾,5754776,6.65E+08,May-19
pop,1319,母婴用品,1525,尿裤湿巾,2308598,1.36E+08,May-19
pop,1319,母婴用品,1526,喂养用品,1040002,5.94E+07,May-19
self,1319,母婴用品,1526,喂养用品,1530034,1.45E+08,May-19
self,1319,母婴用品,1527,洗护用品,4557468,1.99E+08,May-19
pop,1319,母婴用品,1527,洗护用品,1655707,6.52E+07,May-19
pop,1319,母婴用品,1528,童车童床,657631,1.26E+08,May-19
self,1319,母婴用品,1528,童车童床,142842,6.49E+07,May-19
pop,1319,母婴用品,1529,玩具乐器,64,0,May-19
self,1319,母婴用品,1529,玩具乐器,261,20785,May-19
pop,1319,母婴用品,4979,赠品,1700,419,May-19
self,1319,母婴用品,4997,妈妈专区,794485,5.86E+07,May-19
pop,1319,母婴用品,4997,妈妈专区,23703034,8.16E+07,May-19
pop,1319,母婴用品,6313,婴童寝居,776654,3.91E+07,May-19
self,1319,母婴用品,6313,婴童寝居,548233,2.58E+07,May-19
self,1319,母婴用品,11842,童装,520479,2.56E+07,May-19
pop,1319,母婴用品,11842,童装,3336791,1.62E+08,May-19
self,1319,母婴用品,12193,安全座椅,17425,1.56E+07,May-19
pop,1319,母婴用品,12193,安全座椅,30342,1.30E+07,May-19
pop,1319,母婴用品,14941,童鞋,907704,6.43E+07,May-19
self,1319,母婴用品,14941,童鞋,220625,2.08E+07,May-19
pop,1319,母婴用品,17467,亲子乐园,9,651,May-19
pop,1320,食品饮料及生鲜,1581,地方特产,313929,1.15E+07,May-19
self,1320,食品饮料及生鲜,1581,地方特产,101374,9913291,May-19
pop,1320,食品饮料及生鲜,1583,休闲食品,16358938,2.94E+08,May-19
self,1320,食品饮料及生鲜,1583,休闲食品,36037487,5.34E+08,May-19
pop,1320,食品饮料及生鲜,1584,粮油调味,5269969,1.34E+08,May-19
self,1320,食品饮料及生鲜,1584,粮油调味,26816715,6.68E+08,May-19
self,1320,食品饮料及生鲜,1585,饮料冲调,18623576,7.78E+08,May-19
pop,1320,食品饮料及生鲜,1585,饮料冲调,3625289,1.58E+08,May-19
pop,1320,食品饮料及生鲜,2641,食品礼券,1742208,1.15E+08,May-19
self,1320,食品饮料及生鲜,2641,食品礼券,2667203,1.49E+08,May-19
pop,1320,食品饮料及生鲜,4980,赠品,1500,0,May-19
self,1320,食品饮料及生鲜,5019,进口食品,6617161,2.82E+08,May-19
pop,1320,食品饮料及生鲜,5019,进口食品,1374692,7.27E+07,May-19
pop,1320,食品饮料及生鲜,12202,茗茶,2254988,1.37E+08,May-19
self,1320,食品饮料及生鲜,12202,茗茶,1549458,9.18E+07,May-19
pop,1620,家居家装,1621,家纺,82789,97169,May-19
pop,1620,家居家装,1624,生活日用,5392864,1.15E+08,May-19
self,1620,家居家装,1624,生活日用,2758013,9.00E+07,May-19
pop,1620,家居家装,4957,家装建材,4,11,May-19
self,1620,家居家装,11158,家装软饰,522704,1.57E+07,May-19
pop,1620,家居家装,11158,家装软饰,3350501,1.22E+08,May-19
pop,1620,家居家装,13780,收纳用品,2273603,5.51E+07,May-19
self,1620,家居家装,13780,收纳用品,905013,5.14E+07,May-19
pop,4051,影视音乐,4055,内地流行,9,387,May-19
pop,4051,影视音乐,4056,华语流行,49,3431,May-19
pop,4051,影视音乐,4057,欧美流行,9,710,May-19
pop,4051,影视音乐,4058,日韩流行,12,632,May-19
pop,4051,影视音乐,4059,进口CD,13,1730,May-19
pop,4051,影视音乐,4060,古典,17,1237,May-19
pop,4051,影视音乐,4062,摇滚,2,280,May-19
pop,4051,影视音乐,4066,影视音乐,11,807,May-19
pop,4051,影视音乐,4067,HIFI发烧碟,65,10440,May-19
pop,4051,影视音乐,4068,有声读物,13,1109,May-19
pop,4051,影视音乐,4070,音乐教育,22,2542,May-19
pop,4051,影视音乐,4072,民歌民乐,3,422,May-19
pop,4051,影视音乐,4073,相声/戏曲/曲艺,9,757,May-19
pop,4051,影视音乐,4076,宗教/庆典音乐,6,461,May-19
pop,4051,影视音乐,4077,汽车音乐,39,1992,May-19
pop,4051,影视音乐,4084,其他分类,7,404,May-19
pop,4051,影视音乐,9100,艺人周边,8,226,May-19
pop,4051,影视音乐,11390,文娱周边,65,9893,May-19
pop,4052,影视音乐,4085,电影,27,1181,May-19
pop,4052,影视音乐,4086,电视剧,15,1525,May-19
pop,4052,影视音乐,4087,专题栏目/纪录片,8,703,May-19
pop,4052,影视音乐,4089,生活百科,21,765,May-19
pop,4052,影视音乐,4091,卡通/动画,61,4069,May-19
pop,4052,影视音乐,4093,戏剧/综艺,23,766,May-19
pop,4052,影视音乐,4097,其他分类,9,342,May-19
pop,4052,影视音乐,9105,影视/动漫周边,116,4704,May-19
self,5025,珠宝首饰,5026,腕表,242397,2.40E+08,May-19
pop,5025,珠宝首饰,5026,腕表,969287,2.96E+08,May-19
self,5025,珠宝首饰,15674,时钟,117126,7736752,May-19
pop,5025,珠宝首饰,15674,时钟,62133,5810664,May-19
pop,5025,珠宝首饰,15678,钟表配件,247275,1.22E+07,May-19
self,5025,珠宝首饰,15678,钟表配件,2575,574005,May-19
self,5025,珠宝首饰,15680,钟表服务,9844,110098,May-19
pop,5025,珠宝首饰,15680,钟表服务,895,47129,May-19
pop,6144,珠宝首饰,6145,黄金,103880,1.16E+08,May-19
self,6144,珠宝首饰,6145,黄金,65711,7.65E+07,May-19
pop,6144,珠宝首饰,6146,金银投资,44529,7.16E+07,May-19
self,6144,珠宝首饰,6146,金银投资,9516,3.16E+07,May-19
self,6144,珠宝首饰,6155,银饰,35234,8294374,May-19
pop,6144,珠宝首饰,6155,银饰,145692,1.88E+07,May-19
self,6144,珠宝首饰,6160,钻石,3437,6479808,May-19
pop,6144,珠宝首饰,6160,钻石,27498,3.75E+07,May-19
self,6144,珠宝首饰,6167,翡翠,5243,3345667,May-19
pop,6144,珠宝首饰,6167,翡翠,160631,2.87E+07,May-19
pop,6144,珠宝首饰,6172,水晶玛瑙,88706,6736182,May-19
self,6144,珠宝首饰,6172,水晶玛瑙,10768,2169586,May-19
pop,6144,珠宝首饰,6174,彩宝,15554,4944961,May-19
self,6144,珠宝首饰,6174,彩宝,785,510858,May-19
pop,6144,珠宝首饰,6182,时尚饰品,1502352,1.20E+08,May-19
self,6144,珠宝首饰,6182,时尚饰品,150400,4.90E+07,May-19
pop,6144,珠宝首饰,12040,铂金,12988,1.33E+07,May-19
self,6144,珠宝首饰,12040,铂金,9199,9330362,May-19
self,6144,珠宝首饰,12041,木手串/把件,7665,2046214,May-19
pop,6144,珠宝首饰,12041,木手串/把件,156786,1.15E+07,May-19
pop,6144,珠宝首饰,12042,珍珠,32499,8646201,May-19
self,6144,珠宝首饰,12042,珍珠,15548,5811157,May-19
self,6144,珠宝首饰,13062,K金饰品,6800,5387324,May-19
pop,6144,珠宝首饰,13062,K金饰品,26858,1.41E+07,May-19
self,6144,珠宝首饰,13915,发饰,18020,1385679,May-19
pop,6144,珠宝首饰,13915,发饰,616169,6862946,May-19
pop,6144,珠宝首饰,19933,和田玉,25726,1.10E+07,May-19
self,6144,珠宝首饰,19933,和田玉,6111,4684594,May-19
self,6144,珠宝首饰,19934,其它玉石,450,36682,May-19
pop,6144,珠宝首饰,19934,其它玉石,4616,852354,May-19
pop,6144,珠宝首饰,19949,合成/人造宝石,1587,2722675,May-19
pop,6144,珠宝首饰,19954,珠宝服务,6,136,May-19
pop,6196,家居家装,6197,烹饪锅具,610864,7.82E+07,May-19
self,6196,家居家装,6197,烹饪锅具,513464,6.84E+07,May-19
self,6196,家居家装,6198,刀剪菜板,341058,2.10E+07,May-19
pop,6196,家居家装,6198,刀剪菜板,262056,1.72E+07,May-19
pop,6196,家居家装,6214,厨房配件,3382857,9.99E+07,May-19
self,6196,家居家装,6214,厨房配件,1302103,5.23E+07,May-19
self,6196,家居家装,6219,水具酒具,1636142,9.15E+07,May-19
pop,6196,家居家装,6219,水具酒具,2251776,1.05E+08,May-19
self,6196,家居家装,6227,餐具,2127052,4.05E+07,May-19
pop,6196,家居家装,6227,餐具,1210052,3.04E+07,May-19
self,6196,家居家装,9182,酒店用品,3488,449528,May-19
pop,6196,家居家装,9182,酒店用品,3767,660763,May-19
self,6196,家居家装,11143,茶具,268698,2.15E+07,May-19
pop,6196,家居家装,11143,茶具,896065,7.66E+07,May-19
pop,6196,家居家装,16817,咖啡具,43524,2785310,May-19
self,6196,家居家装,16817,咖啡具,27395,1362017,May-19
pop,6233,玩具乐器,6234,适用年龄,207315,3388438,May-19
self,6233,玩具乐器,6234,适用年龄,4371,209064,May-19
pop,6233,玩具乐器,6235,遥控/电动,339392,3.44E+07,May-19
self,6233,玩具乐器,6235,遥控/电动,136367,5.55E+07,May-19
pop,6233,玩具乐器,6236,毛绒布艺,403019,2.12E+07,May-19
self,6233,玩具乐器,6236,毛绒布艺,100713,6943670,May-19
pop,6233,玩具乐器,6237,娃娃玩具,62804,5895249,May-19
self,6233,玩具乐器,6237,娃娃玩具,50207,6903501,May-19
self,6233,玩具乐器,6253,模型玩具,57821,4297025,May-19
pop,6233,玩具乐器,6253,模型玩具,719337,3.37E+07,May-19
self,6233,玩具乐器,6260,健身玩具,286848,1.96E+07,May-19
pop,6233,玩具乐器,6260,健身玩具,681468,3.99E+07,May-19
self,6233,玩具乐器,6264,动漫玩具,180054,1.64E+07,May-19
pop,6233,玩具乐器,6264,动漫玩具,434548,3.02E+07,May-19
pop,6233,玩具乐器,6271,益智玩具,1046924,7.00E+07,May-19
self,6233,玩具乐器,6271,益智玩具,733177,5.13E+07,May-19
self,6233,玩具乐器,6275,积木拼插,483612,7.62E+07,May-19
pop,6233,玩具乐器,6275,积木拼插,564908,4.19E+07,May-19
self,6233,玩具乐器,6279,绘画/DIY,263613,1.36E+07,May-19
pop,6233,玩具乐器,6279,绘画/DIY,310356,8152073,May-19
pop,6233,玩具乐器,6289,创意减压,154748,4728783,May-19
self,6233,玩具乐器,6289,创意减压,2351,191127,May-19
pop,6233,玩具乐器,6291,其它乐器,52112,4042162,May-19
pop,6233,玩具乐器,18607,乐器配件,206494,9094443,May-19
self,6233,玩具乐器,18607,乐器配件,42685,2643616,May-19
self,6233,玩具乐器,18608,民族吹奏乐器,11925,1017947,May-19
pop,6233,玩具乐器,18608,民族吹奏乐器,27172,3016375,May-19
pop,6233,玩具乐器,18609,民族打击乐器,5557,431113,May-19
self,6233,玩具乐器,18609,民族打击乐器,2207,86946,May-19
self,6233,玩具乐器,18610,民族弹拨乐器,367,604472,May-19
pop,6233,玩具乐器,18610,民族弹拨乐器,14528,5183939,May-19
pop,6233,玩具乐器,18611,民族拉弦乐器,5815,2579246,May-19
self,6233,玩具乐器,18611,民族拉弦乐器,816,379350,May-19
pop,6233,玩具乐器,18612,西洋打击乐器,16228,6426115,May-19
self,6233,玩具乐器,18612,西洋打击乐器,3266,1774492,May-19
pop,6233,玩具乐器,18613,西洋管乐器,28890,6212840,May-19
self,6233,玩具乐器,18613,西洋管乐器,12786,1072917,May-19
pop,6233,玩具乐器,18614,西洋弦乐器,65856,2.40E+07,May-19
self,6233,玩具乐器,18614,西洋弦乐器,17205,2.64E+07,May-19
self,6233,玩具乐器,18615,键盘乐器,23441,1.71E+07,May-19
pop,6233,玩具乐器,18615,键盘乐器,38194,3.52E+07,May-19
pop,6233,玩具乐器,18616,教学乐器,335,6738,May-19
pop,6728,汽车相关,6740,车载电器,757187,9.23E+07,May-19
self,6728,汽车相关,6740,车载电器,411442,7.85E+07,May-19
self,6728,汽车相关,6742,维修保养,2031007,2.93E+08,May-19
pop,6728,汽车相关,6742,维修保养,1040696,9.20E+07,May-19
self,6728,汽车相关,6743,美容清洗,1190315,4.80E+07,May-19
pop,6728,汽车相关,6743,美容清洗,848721,3.37E+07,May-19
self,6728,汽车相关,6745,汽车装饰,838265,4.37E+07,May-19
pop,6728,汽车相关,6745,汽车装饰,4158827,2.18E+08,May-19
self,6728,汽车相关,6747,安全自驾,596085,3.53E+07,May-19
pop,6728,汽车相关,6747,安全自驾,634484,6.47E+07,May-19
self,6728,汽车相关,12402,汽车服务,7576,2235914,May-19
pop,6728,汽车相关,12402,汽车服务,186542,4.76E+07,May-19
pop,6728,汽车相关,13256,赛事改装,3854,1181258,May-19
self,6994,宠物生活,6995,宠物主粮,1308495,1.06E+08,May-19
pop,6994,宠物生活,6995,宠物主粮,769413,6.36E+07,May-19
pop,6994,宠物生活,6996,宠物零食,365310,5278507,May-19
self,6994,宠物生活,6996,宠物零食,442251,9298995,May-19
self,6994,宠物生活,6997,医疗保健,282951,1.76E+07,May-19
pop,6994,宠物生活,6997,医疗保健,440769,1.76E+07,May-19
self,6994,宠物生活,6998,猫狗日用,581255,2.45E+07,May-19
pop,6994,宠物生活,6998,猫狗日用,550359,2.14E+07,May-19
pop,6994,宠物生活,6999,猫狗玩具,84326,2456477,May-19
self,6994,宠物生活,6999,猫狗玩具,86202,2446660,May-19
self,6994,宠物生活,7000,猫狗出行,69404,2462553,May-19
pop,6994,宠物生活,7000,猫狗出行,126702,4468300,May-19
pop,6994,宠物生活,7001,洗护美容,108758,4229657,May-19
self,6994,宠物生活,7001,洗护美容,104135,4626992,May-19
pop,6994,宠物生活,13963,异宠用品,201970,5285936,May-19
self,6994,宠物生活,13963,异宠用品,53976,1131177,May-19
self,6994,宠物生活,13968,水族,152830,5371058,May-19
pop,6994,宠物生活,13968,水族,487652,2.63E+07,May-19
pop,6994,宠物生活,14374,宠物活体,96106,9464648,May-19
self,6994,宠物生活,14374,宠物活体,647,22985,May-19
pop,6994,宠物生活,14692,宠物服务,582,77341,May-19
pop,9192,医药保健,9193,营养健康,1889961,1.86E+08,May-19
self,9192,医药保健,9193,营养健康,1680521,1.47E+08,May-19
pop,9192,医药保健,9194,营养成分,617028,5.32E+07,May-19
self,9192,医药保健,9194,营养成分,416862,2.01E+07,May-19
self,9192,医药保健,9195,传统滋补,852062,7.31E+07,May-19
pop,9192,医药保健,9195,传统滋补,893836,6.82E+07,May-19
self,9192,医药保健,9196,计生情趣,2510692,1.14E+08,May-19
pop,9192,医药保健,9196,计生情趣,2829050,1.36E+08,May-19
self,9192,医药保健,9197,保健器械,1365170,1.97E+08,May-19
pop,9192,医药保健,9197,保健器械,2537512,2.47E+08,May-19
pop,9192,医药保健,9198,家庭护理,91,0,May-19
self,9192,医药保健,9198,家庭护理,90,4309,May-19
self,9192,医药保健,12190,护理护具,527747,2.10E+07,May-19
pop,9192,医药保健,12190,护理护具,784988,2.76E+07,May-19
self,9192,医药保健,12632,中西药品,4163563,1.15E+08,May-19
pop,9192,医药保健,12632,中西药品,1647996,6.11E+07,May-19
self,9192,医药保健,13893,隐形眼镜,771419,5.14E+07,May-19
pop,9192,医药保健,13893,隐形眼镜,316953,1.50E+07,May-19
self,9192,医药保健,14203,健康服务,3791,2020478,May-19
pop,9192,医药保健,14203,健康服务,24557,7413881,May-19
pop,9669,其他,9675,软件服务,264413644,2644136,May-19
pop,9669,其他,9691,物流服务,1214735369,1.63E+07,May-19
pop,9669,其他,9700,其他服务,69516,1.69E+08,May-19
pop,9847,家居家装,9848,卧室家具,1209631,3.95E+08,May-19
self,9847,家居家装,9848,卧室家具,81143,4.05E+07,May-19
self,9847,家居家装,9849,客厅家具,97583,1.78E+07,May-19
pop,9847,家居家装,9849,客厅家具,962175,3.49E+08,May-19
self,9847,家居家装,9850,餐厅家具,14511,3506445,May-19
pop,9847,家居家装,9850,餐厅家具,332893,1.04E+08,May-19
pop,9847,家居家装,9851,书房家具,537196,1.06E+08,May-19
self,9847,家居家装,9851,书房家具,149926,3.65E+07,May-19
pop,9847,家居家装,9852,储物家具,411227,2.95E+07,May-19
self,9847,家居家装,9852,储物家具,87288,8883075,May-19
pop,9847,家居家装,9853,阳台/户外,657824,8.47E+07,May-19
self,9847,家居家装,9853,阳台/户外,230504,3.99E+07,May-19
self,9847,家居家装,9854,商业办公,69527,4.79E+07,May-19
pop,9847,家居家装,9854,商业办公,583132,1.10E+08,May-19
pop,9847,家居家装,13533,儿童家具,160673,7.11E+07,May-19
self,9847,家居家装,13533,儿童家具,4214,3722292,May-19
pop,9847,家居家装,15106,套房家具,3014,1350744,May-19
self,9847,家居家装,15106,套房家具,2,82188,May-19
pop,9855,家居家装,9856,灯饰照明,3934736,2.60E+08,May-19
self,9855,家居家装,9856,灯饰照明,1592030,1.00E+08,May-19
pop,9855,家居家装,9857,厨房卫浴,2809194,4.36E+08,May-19
self,9855,家居家装,9857,厨房卫浴,822026,1.53E+08,May-19
pop,9855,家居家装,9858,五金工具,7129063,3.38E+08,May-19
self,9855,家居家装,9858,五金工具,2872347,1.60E+08,May-19
pop,9855,家居家装,9859,电工电料,3163613,7.68E+07,May-19
self,9855,家居家装,9859,电工电料,1524749,4.15E+07,May-19
pop,9855,家居家装,9860,墙地面材料,1233911,4.14E+07,May-19
pop,9855,家居家装,9861,装饰材料,333853,3.57E+07,May-19
self,9855,家居家装,9861,装饰材料,540,524996,May-19
pop,9855,家居家装,9862,装修服务,28575,7.83E+07,May-19
self,9855,家居家装,17084,基建材料,247046,1.98E+07,May-19
pop,9855,家居家装,17084,基建材料,1229381,4.56E+07,May-19
pop,9987,手机数码,653,手机,669958,1.09E+09,May-19
self,9987,手机数码,653,手机,3427733,8.83E+09,May-19
pop,9987,手机数码,830,手机配件,16475434,3.84E+08,May-19
self,9987,手机数码,830,手机配件,5005691,2.65E+08,May-19
self,9987,手机数码,6880,运营商,129160,1732276,May-19
pop,9987,手机数码,6880,运营商,2667139,1.18E+07,May-19
pop,9987,手机数码,10973,赠品,434,900,May-19
self,9987,手机数码,10973,赠品,258098,34557,May-19
self,9987,手机数码,12854,手机服务,205062,3649449,May-19
pop,9987,手机数码,12854,手机服务,335106,1.50E+07,May-19
self,9987,手机数码,18523,对讲机,84178,1.52E+07,May-19
pop,9987,手机数码,18523,对讲机,284404,1.80E+07,May-19
pop,11729,鞋类,11730,流行男鞋,5865451,3.97E+08,May-19
self,11729,鞋类,11730,流行男鞋,790135,6.54E+07,May-19
self,11729,鞋类,11731,时尚女鞋,204315,1.87E+07,May-19
pop,11729,鞋类,11731,时尚女鞋,3504866,2.07E+08,May-19
pop,12218,食品饮料及生鲜,12221,水果,3183025,9.74E+07,May-19
self,12218,食品饮料及生鲜,12221,水果,2775222,1.25E+08,May-19
self,12218,食品饮料及生鲜,12222,海鲜水产,2012795,7.96E+07,May-19
pop,12218,食品饮料及生鲜,12222,海鲜水产,1167083,8.41E+07,May-19
pop,12218,食品饮料及生鲜,13553,蔬菜,497622,1.75E+07,May-19
self,12218,食品饮料及生鲜,13553,蔬菜,1226524,1.51E+07,May-19
self,12218,食品饮料及生鲜,13581,猪牛羊肉,1165343,4.44E+07,May-19
pop,12218,食品饮料及生鲜,13581,猪牛羊肉,433017,3.57E+07,May-19
self,12218,食品饮料及生鲜,13586,禽肉蛋品,1402117,4.00E+07,May-19
pop,12218,食品饮料及生鲜,13586,禽肉蛋品,875449,3.18E+07,May-19
pop,12218,食品饮料及生鲜,13591,冷藏/冷冻食品,304152,1.11E+07,May-19
self,12218,食品饮料及生鲜,13591,冷藏/冷冻食品,2392883,4.92E+07,May-19
pop,12218,食品饮料及生鲜,13598,乳品冷饮,187030,1.09E+07,May-19
self,12218,食品饮料及生鲜,13598,乳品冷饮,2569410,4.84E+07,May-19
self,12259,酒类,12260,白酒,977553,4.33E+08,May-19
pop,12259,酒类,12260,白酒,682365,1.54E+08,May-19
pop,12259,酒类,14714,葡萄酒,485204,6.43E+07,May-19
self,12259,酒类,14714,葡萄酒,686293,1.20E+08,May-19
pop,12259,酒类,14715,洋酒,248172,3.10E+07,May-19
self,12259,酒类,14715,洋酒,496362,5.37E+07,May-19
self,12259,酒类,14716,啤酒,1418331,1.08E+08,May-19
pop,12259,酒类,14716,啤酒,421556,3.57E+07,May-19
self,12259,酒类,14717,黄酒/养生酒,105831,9210584,May-19
pop,12259,酒类,14717,黄酒/养生酒,75841,7666033,May-19
pop,12259,酒类,14718,收藏酒/陈年老酒,2959,1452191,May-19
pop,12259,酒类,15600,特殊商品,1752,0,May-19
pop,12379,汽车相关,12380,全新乘用车,12156,4670198,May-19
pop,12379,汽车相关,17290,全新商用车,111,8550,May-19
self,12473,其他,12479,园林/农耕,7448,2034344,May-19
pop,12473,其他,12479,园林/农耕,128235,8612796,May-19
self,12473,其他,12480,花卉绿植,18258,849473,May-19
pop,12473,其他,12480,花卉绿植,1254281,1.69E+07,May-19
pop,12473,其他,12558,种子,263764,3181395,May-19
self,12473,其他,12558,种子,37950,330772,May-19
pop,12473,其他,12565,农药,187401,2573895,May-19
self,12473,其他,12565,农药,3323,2166122,May-19
self,12473,其他,12566,肥料,6053,130516,May-19
pop,12473,其他,12566,肥料,29611,719213,May-19
pop,12473,其他,13050,饲料,31686,1947963,May-19
self,12473,其他,13050,饲料,429,15693,May-19
pop,12473,其他,13054,兽药,74181,1383391,May-19
self,12473,其他,13054,兽药,1813,22516,May-19
self,12473,其他,13058,养殖器具,1143,215144,May-19
pop,12473,其他,13058,养殖器具,133442,3094558,May-19
self,12473,其他,17418,园艺用品,190902,4296919,May-19
pop,12473,其他,17418,园艺用品,1563284,2.36E+07,May-19
pop,12473,其他,17427,园艺生活,280,43915,May-19
pop,12473,其他,17438,农膜遮网/大棚,253240,4976287,May-19
self,12473,其他,17438,农膜遮网/大棚,6,9240,May-19
pop,12813,医药保健,12815,神经系统药,16143,291085,May-19
pop,12813,医药保健,12816,精神系统药,1049,11573,May-19
pop,12813,医药保健,12817,心血管系统药,100351,2113293,May-19
pop,12813,医药保健,12818,呼吸系统药,62973,652748,May-19
pop,12813,医药保健,12819,消化系统药,89570,934459,May-19
pop,12813,医药保健,12820,泌尿系统药,10162,346807,May-19
pop,12813,医药保健,12821,血液系统药,2774,15389,May-19
pop,12813,医药保健,12822,内分泌系统药,19248,618784,May-19
pop,12813,医药保健,12823,抗感染药物,108800,1306212,May-19
pop,12813,医药保健,12824,抗寄生虫药,1434,10675,May-19
pop,12813,医药保健,12825,抗肿瘤药,576,85995,May-19
pop,12813,医药保健,12826,抗炎抗风湿药,45007,939600,May-19
pop,12813,医药保健,12827,抗过敏药,3917,47415,May-19
pop,12813,医药保健,12828,维矿营养药,60440,1120368,May-19
pop,12813,医药保健,12829,酸碱平衡调节,213,224,May-19
pop,12813,医药保健,12830,免疫调节药,5321,79121,May-19
pop,12813,医药保健,12831,生物制品,740,21752,May-19
pop,12813,医药保健,12832,消毒防腐药,1317,2333,May-19
pop,12813,医药保健,12835,妇产科用药,9014,95454,May-19
pop,12813,医药保健,12836,避孕药,3339,78540,May-19
pop,12813,医药保健,12837,眼科用药,21015,145340,May-19
pop,12813,医药保健,12838,皮肤科用药,33912,793083,May-19
pop,12813,医药保健,12839,五官科用药,6884,162955,May-19
pop,12813,医药保健,12840,口腔科用药,11834,44144,May-19
pop,12813,医药保健,12841,其他药类,1448300,8964248,May-19
pop,12814,医药保健,12842,内科用药,90047,1209581,May-19
pop,12814,医药保健,12843,外科用药,96116,452595,May-19
pop,12814,医药保健,12844,肿瘤用药,341,7947,May-19
pop,12814,医药保健,12845,妇科用药,41112,344612,May-19
pop,12814,医药保健,12846,眼科用药,641,4625,May-19
pop,12814,医药保健,12847,耳鼻喉科用药,7405,66865,May-19
pop,12814,医药保健,12848,骨伤科用药,13011,100673,May-19
pop,12814,医药保健,12849,皮肤科用药,2620,40912,May-19
pop,12814,医药保健,12850,其他中成药,74296,1037048,May-19
pop,13314,医药保健,13315,妇科专科用药,97346,4652860,May-19
self,13314,医药保健,13315,妇科专科用药,54578,2623209,May-19
pop,13314,医药保健,13326,男科专科用药,148018,1.46E+07,May-19
self,13314,医药保健,13326,男科专科用药,255404,3.25E+07,May-19
pop,13314,医药保健,13335,风湿骨外专科用药,173211,7703576,May-19
self,13314,医药保健,13335,风湿骨外专科用药,128894,6381200,May-19
pop,13314,医药保健,13349,五官用药,86862,2667486,May-19
self,13314,医药保健,13349,五官用药,75978,2922484,May-19
pop,13314,医药保健,13354,泌尿用药,35842,1927448,May-19
self,13314,医药保健,13354,泌尿用药,24178,1310361,May-19
pop,13314,医药保健,13362,皮肤及性病用药,190880,6783901,May-19
self,13314,医药保健,13362,皮肤及性病用药,132931,5307523,May-19
pop,13314,医药保健,13380,呼吸用药,95702,4830118,May-19
self,13314,医药保健,13380,呼吸用药,81882,5633225,May-19
self,13314,医药保健,13388,肿瘤用药,29647,1911187,May-19
pop,13314,医药保健,13388,肿瘤用药,34997,3725050,May-19
self,13314,医药保健,13424,内分泌用药,75661,3661217,May-19
pop,13314,医药保健,13424,内分泌用药,108238,4766128,May-19
self,13314,医药保健,13430,心血管用药,413691,1.65E+07,May-19
pop,13314,医药保健,13430,心血管用药,425879,1.64E+07,May-19
self,13314,医药保健,13446,肠胃消化用药,118239,5536716,May-19
pop,13314,医药保健,13446,肠胃消化用药,144805,6364294,May-19
pop,13314,医药保健,13456,肝胆用药,83695,7374408,May-19
self,13314,医药保健,13456,肝胆用药,159853,1.22E+07,May-19
pop,13314,医药保健,13468,神经用药,115954,8113140,May-19
self,13314,医药保健,13468,神经用药,110037,8638718,May-19
pop,13314,医药保健,13488,抗感染用药,80139,2554157,May-19
self,13314,医药保健,13488,抗感染用药,49422,1876551,May-19
self,13314,医药保健,13494,儿科专科用药,16373,390375,May-19
pop,13314,医药保健,13494,儿科专科用药,15240,591933,May-19
self,13314,医药保健,13500,补益安神,22683,654686,May-19
pop,13314,医药保健,13500,补益安神,36426,1875438,May-19
self,13314,医药保健,13504,解热镇痛,7398,285349,May-19
pop,13314,医药保健,13504,解热镇痛,11616,386808,May-19
self,13314,医药保健,13518,血液用药,5897,417752,May-19
pop,13314,医药保健,13518,血液用药,5726,335846,May-19
pop,13314,医药保健,13527,移植用药,5879,1465957,May-19
self,13314,医药保健,13527,移植用药,3102,480925,May-19
pop,13314,医药保健,13693,中药饮片,655,38230,May-19
self,13314,医药保健,15056,在线问诊,522933,355018,May-19
pop,13711,医药保健,13712,保健食品,10069,468122,May-19
pop,13720,医药保健,13721,计生器械,66979,48749,May-19
pop,13720,医药保健,13722,日用百货,110773,219392,May-19
pop,13720,医药保健,13723,医疗器械,592021,1216535,May-19
pop,13720,医药保健,13724,食品,202540,4840365,May-19
pop,13720,医药保健,13725,中医器械,17,363,May-19
pop,13720,医药保健,13726,药品,49288550,4.46E+08,May-19
pop,13720,医药保健,13727,其他器具,1,27,May-19
pop,13887,其他,13889,邮票,36879,2007935,May-19
pop,13887,其他,13922,钱币,96947,1.08E+07,May-19
pop,13887,其他,13931,邮资封片,3592,49066,May-19
pop,13887,其他,13946,磁卡,7,678,May-19
pop,13887,其他,13950,票证,262,16148,May-19
pop,13887,其他,13958,礼品册,4600,129379,May-19
pop,13887,其他,13960,其他,6793,337189,May-19
pop,13887,其他,15153,收藏工具,3595,110440,May-19
pop,14065,其他,14066,安防用品,8659,148575,May-19
self,14065,其他,14066,安防用品,75766,4411670,May-19
pop,14065,其他,14070,标签包装,2358,102623,May-19
self,14065,其他,14070,标签包装,65669,1420119,May-19
pop,14065,其他,14076,搬运存储,1028,59787,May-19
self,14065,其他,14076,搬运存储,27210,2726390,May-19
pop,14065,其他,14079,中低压配电,7663,304395,May-19
self,14065,其他,14079,中低压配电,37430,7492499,May-19
self,14065,其他,14082,动力工具,205,110966,May-19
pop,14065,其他,14082,动力工具,430,33758,May-19
pop,14065,其他,14086,化学品,8740,504715,May-19
self,14065,其他,14086,化学品,37709,1795717,May-19
pop,14065,其他,14090,焊接用品,351,206897,May-19
self,14065,其他,14090,焊接用品,1274,700219,May-19
pop,14065,其他,14099,个人防护,16588,216030,May-19
self,14065,其他,14099,个人防护,223915,9722167,May-19
self,14065,其他,14108,金属加工,5888,777766,May-19
pop,14065,其他,14108,金属加工,12892,1027423,May-19
self,14065,其他,14113,清洁用品,52335,5701424,May-19
pop,14065,其他,14113,清洁用品,3697,1570378,May-19
pop,14065,其他,14118,手动工具,147,4489,May-19
self,14065,其他,14118,手动工具,3838,202363,May-19
pop,14065,其他,14124,仪器仪表,427,101072,May-19
self,14065,其他,14124,仪器仪表,4,1692,May-19
self,14065,其他,14126,公共设施,32540,2.49E+07,May-19
pop,14065,其他,14126,公共设施,148,21642,May-19
self,14065,其他,14130,紧固密封件,24638,1297359,May-19
pop,14065,其他,14130,紧固密封件,7602,901517,May-19
self,14065,其他,14134,气动液压,7508,241867,May-19
pop,14065,其他,14134,气动液压,1802,362185,May-19
self,14065,其他,14137,实验室用品,4777,362291,May-19
pop,14065,其他,14137,实验室用品,4505,332433,May-19
self,14065,其他,14141,动力传动,12853,432215,May-19
pop,14065,其他,14141,动力传动,7398,166569,May-19
pop,14065,其他,14993,起重设备,113,13472,May-19
pop,14065,其他,15036,工具耗材,162,422,May-19
self,14065,其他,15036,工具耗材,1587,187525,May-19
pop,14065,其他,15303,无源元件,18593,146077,May-19
self,14065,其他,15303,无源元件,42,2484,May-19
pop,14065,其他,15316,晶体与晶振,1789,2320,May-19
pop,14065,其他,15322,嵌入式处理器,32,1458,May-19
pop,14065,其他,15332,集成电路,6927,27811,May-19
pop,14065,其他,15347,分立器件,6466,15512,May-19
pop,14065,其他,15353,元器件电路保护,3801,9467,May-19
pop,14065,其他,15361,电子连接器,22578,117210,May-19
self,14065,其他,15361,电子连接器,24,904,May-19
pop,14065,其他,15386,模块电源,2976,87244,May-19
pop,14065,其他,15394,传感器,1136,52864,May-19
pop,14065,其他,15405,无线模块与适配器,3649,278201,May-19
pop,14065,其他,15411,机电器件,10342,317803,May-19
self,14065,其他,15411,机电器件,2,20,May-19
pop,14065,其他,15673,工控自动化,1420,164429,May-19
self,14065,其他,15673,工控自动化,7479,1214087,May-19
pop,14065,其他,15827,电料辅件,1135,38896,May-19
self,14065,其他,15827,电料辅件,69500,2333957,May-19
pop,14065,其他,15831,电线电缆,380,12565,May-19
self,14065,其他,15831,电线电缆,221483,2675102,May-19
pop,14239,服装配饰,14240,男士服饰,1,3000,May-19
pop,14239,服装配饰,14243,女士鞋靴,3,15200,May-19
pop,15126,其他,15127,绘画/摄影,128,62930,May-19
pop,15126,其他,15129,雕塑,23,34774,May-19
pop,15126,其他,15130,陶瓷/玉器,27,11277,May-19
self,15248,家居家装,15249,床上用品,1939110,2.15E+08,May-19
pop,15248,家居家装,15249,床上用品,1978382,2.26E+08,May-19
self,15248,家居家装,15250,居家布艺,1568009,5.12E+07,May-19
pop,15248,家居家装,15250,居家布艺,2459569,7.33E+07,May-19
pop,15298,其他,15300,保险,5,181,May-19
pop,15901,家居家装,15902,清洁纸品,2604343,5.87E+07,May-19
self,15901,家居家装,15902,清洁纸品,13750801,3.62E+08,May-19
self,15901,家居家装,15903,清洁用具,3373371,7.70E+07,May-19
pop,15901,家居家装,15903,清洁用具,1521092,4.96E+07,May-19
self,15901,家居家装,15904,衣物清洁,7715206,2.28E+08,May-19
pop,15901,家居家装,15904,衣物清洁,998669,3.50E+07,May-19
pop,15901,家居家装,15905,家庭环境清洁,900172,3.28E+07,May-19
self,15901,家居家装,15905,家庭环境清洁,3509847,7.54E+07,May-19
pop,15901,家居家装,15906,驱蚊驱虫,1214137,5.43E+07,May-19
self,15901,家居家装,15906,驱蚊驱虫,2315233,6.43E+07,May-19
self,15901,家居家装,15907,皮具护理,82974,1358403,May-19
pop,15901,家居家装,15907,皮具护理,168984,5291533,May-19
pop,15901,家居家装,16955,特殊商品,4212,0,May-19
pop,16750,美妆个护,16751,洗发护发,1271606,5.72E+07,May-19
self,16750,美妆个护,16751,洗发护发,7443103,5.15E+08,May-19
self,16750,美妆个护,16752,美发假发/造型,685151,2.86E+07,May-19
pop,16750,美妆个护,16752,美发假发/造型,679281,3.19E+07,May-19
self,16750,美妆个护,16753,身体护理,9360615,2.50E+08,May-19
pop,16750,美妆个护,16753,身体护理,4147155,1.54E+08,May-19
pop,16750,美妆个护,16754,女性护理,629466,2.14E+07,May-19
self,16750,美妆个护,16754,女性护理,11299861,1.17E+08,May-19
pop,16750,美妆个护,16755,口腔护理,1131918,3.39E+07,May-19
self,16750,美妆个护,16755,口腔护理,7537777,1.19E+08,May-19
self,17329,箱包配饰,2575,潮流女包,133368,2.41E+07,May-19
pop,17329,箱包配饰,2575,潮流女包,867627,8.91E+07,May-19
pop,17329,箱包配饰,2576,精品男包,650364,6.31E+07,May-19
self,17329,箱包配饰,2576,精品男包,199390,2.85E+07,May-19
self,17329,箱包配饰,2577,功能箱包,757342,9.61E+07,May-19
pop,17329,箱包配饰,2577,功能箱包,733539,7.85E+07,May-19
pop,17329,箱包配饰,17330,箱包皮具配件,477091,3.37E+07,May-19
self,17329,箱包配饰,17330,箱包皮具配件,273818,2.62E+07,May-19
pop,17979,酒类,17980,白酒,113659,2.45E+07,May-19
self,17979,酒类,17980,白酒,65675,4.88E+07,May-19
pop,17979,酒类,17981,啤酒,701228,3.79E+07,May-19
self,17979,酒类,17981,啤酒,60949,4443476,May-19
self,17979,酒类,17982,葡萄酒,22834,2155995,May-19
pop,17979,酒类,17982,葡萄酒,28460,1600786,May-19
pop,17979,酒类,17983,洋酒,23091,264662,May-19
self,17979,酒类,17983,洋酒,4055,1059694,May-19
pop,17979,酒类,17984,黄酒,8754,789403,May-19
self,17979,酒类,17984,黄酒,167,27558,May-19
pop,17979,酒类,17985,养生酒,5700,1424122,May-19
self,17979,酒类,17985,养生酒,2169,302564,May-19
pop,17979,酒类,17986,预调酒,1699,190218,May-19
self,17979,酒类,17986,预调酒,47785,4165552,May-19
pop,17988,食品饮料及生鲜,17989,饮料,7197558,3.13E+08,May-19
self,17988,食品饮料及生鲜,17989,饮料,242069,9949844,May-19
self,17988,食品饮料及生鲜,17990,牛奶乳品,318299,1.82E+07,May-19
pop,17988,食品饮料及生鲜,17990,牛奶乳品,1286232,6.56E+07,May-19
pop,17991,食品饮料及生鲜,17992,膨化食品,358060,5488434,May-19
self,17991,食品饮料及生鲜,17992,膨化食品,2321479,1.87E+07,May-19
pop,17991,食品饮料及生鲜,17993,饼干蛋糕,282771,2876742,May-19
self,17991,食品饮料及生鲜,17993,饼干蛋糕,3036817,2.03E+07,May-19
pop,17991,食品饮料及生鲜,17994,糖巧布丁,166979,4362488,May-19
self,17991,食品饮料及生鲜,17994,糖巧布丁,975892,2.88E+07,May-19
pop,17991,食品饮料及生鲜,17995,坚果蜜饯,125395,983236,May-19
self,17991,食品饮料及生鲜,17995,坚果蜜饯,117908,3571066,May-19
pop,17991,食品饮料及生鲜,17996,素食肉脯,677078,3321710,May-19
self,17991,食品饮料及生鲜,17996,素食肉脯,226242,3661847,May-19
self,17997,食品饮料及生鲜,17998,冲调品,168473,2985885,May-19
pop,17997,食品饮料及生鲜,17998,冲调品,309213,1.62E+07,May-19
self,17997,食品饮料及生鲜,17999,保健品,22298,197389,May-19
pop,17997,食品饮料及生鲜,17999,保健品,46762,2080781,May-19
self,18000,食品饮料及生鲜,18001,火腿/卤蛋,109785,3240192,May-19
pop,18000,食品饮料及生鲜,18001,火腿/卤蛋,167752,896523,May-19
self,18000,食品饮料及生鲜,18002,粉面粥汤/火锅,472719,1.58E+07,May-19
pop,18000,食品饮料及生鲜,18002,粉面粥汤/火锅,828917,3.02E+07,May-19
self,18000,食品饮料及生鲜,18003,速食罐头,11119,615677,May-19
pop,18000,食品饮料及生鲜,18003,速食罐头,12606,340245,May-19
self,18004,食品饮料及生鲜,18005,米面粮油,116678,1.23E+07,May-19
pop,18004,食品饮料及生鲜,18005,米面粮油,397538,3.43E+07,May-19
pop,18004,食品饮料及生鲜,18006,调味品,446857,7679788,May-19
self,18004,食品饮料及生鲜,18006,调味品,118536,6626412,May-19
pop,18004,食品饮料及生鲜,18007,南北干货,39690,313409,May-19
self,18004,食品饮料及生鲜,18007,南北干货,19060,417824,May-19
pop,18008,美妆个护,18009,女性护理,155001,1153543,May-19
self,18008,美妆个护,18009,女性护理,1223070,1.87E+07,May-19
pop,18008,美妆个护,18010,口腔护理,150924,1749083,May-19
self,18008,美妆个护,18010,口腔护理,315512,1.76E+07,May-19
pop,18008,美妆个护,18011,洗发护发,23049,556494,May-19
self,18008,美妆个护,18011,洗发护发,455168,1.91E+07,May-19
pop,18008,美妆个护,18012,身体护理,52847,662881,May-19
self,18008,美妆个护,18012,身体护理,702373,9142413,May-19
pop,18008,美妆个护,18013,美妆护肤,60944,1020892,May-19
self,18008,美妆个护,18013,美妆护肤,33437,1534327,May-19
self,18014,医药保健,18015,避孕用品,274872,2950641,May-19
pop,18014,医药保健,18015,避孕用品,17079,62545,May-19
pop,18014,医药保健,18016,情趣用品,45,1079,May-19
self,18014,医药保健,18016,情趣用品,1560,43852,May-19
self,18017,美妆个护,18018,衣物清洁护理,656929,4.81E+07,May-19
pop,18017,美妆个护,18018,衣物清洁护理,43005,1535361,May-19
self,18017,美妆个护,18019,家庭环境清洁剂,125020,9421567,May-19
pop,18017,美妆个护,18019,家庭环境清洁剂,36372,546125,May-19
self,18017,美妆个护,18020,室内除臭,183,24499,May-19
pop,18017,美妆个护,18020,室内除臭,7878,43959,May-19
pop,18017,美妆个护,18021,纸品湿巾,143402,3443875,May-19
self,18017,美妆个护,18021,纸品湿巾,197246,2.01E+07,May-19
self,18017,美妆个护,18022,驱虫驱蚊,77425,5484739,May-19
pop,18017,美妆个护,18022,驱虫驱蚊,58351,830315,May-19
self,18023,服装配饰,18024,百货,187988,5393855,May-19
pop,18023,服装配饰,18024,百货,120580,1461509,May-19
pop,18023,服装配饰,18025,家纺家饰,16617,213656,May-19
self,18023,服装配饰,18025,家纺家饰,380,2128,May-19
pop,18023,服装配饰,18026,鞋包服饰,45077,369703,May-19
self,18023,服装配饰,18026,鞋包服饰,33908,957269,May-19
pop,18027,家居家装,18028,装修设计,6001,519923,May-19
pop,18027,家居家装,18029,经营设备,18411,2564586,May-19
pop,18027,家居家装,18030,劳保用品,738,40969,May-19
pop,18033,家用电器,18035,厨房电器,9205,1469434,May-19
pop,18033,家用电器,18036,生活电器,3054,417700,May-19
pop,18038,手机数码,18040,电脑,2,13600,May-19
pop,18038,手机数码,18042,手机配件,34069,287298,May-19
self,18038,手机数码,18042,手机配件,9501,562396,May-19
self,18038,手机数码,18043,电池插座,45311,3267669,May-19
pop,18038,手机数码,18043,电池插座,6322,301132,May-19
pop,18038,手机数码,18044,手机数码其它,420,6954,May-19
self,18038,手机数码,18044,手机数码其它,27,799,May-19
pop,18045,电脑、办公,18046,笔类,2078,24417,May-19
pop,18045,电脑、办公,18047,本册/便签,406,2222,May-19
pop,18045,电脑、办公,18048,办公用纸,151,3271,May-19
pop,18045,电脑、办公,18049,画具画材,431,2757,May-19
pop,18045,电脑、办公,18050,学生文具,677,3701,May-19
pop,18045,电脑、办公,18051,办公文具,1385,8538,May-19
self,18045,电脑、办公,18051,办公文具,2343,68985,May-19
pop,18045,电脑、办公,18052,文件管理,261,2002,May-19
pop,18054,母婴用品,18055,母婴食品,10502,2077803,May-19
self,18054,母婴用品,18055,母婴食品,360,38933,May-19
pop,18054,母婴用品,18056,母婴用品,65703,767600,May-19
self,18054,母婴用品,18056,母婴用品,17060,1231760,May-19
pop,18054,母婴用品,18057,母婴服饰,155,4261,May-19
pop,18059,玩具乐器,18060,早教益智,9035,104761,May-19
pop,18059,玩具乐器,18061,模型玩具,4841,48299,May-19
pop,18059,玩具乐器,18062,户外玩具,9733,62388,May-19
pop,18063,食品饮料及生鲜,18064,乳品冷饮,70772,3104191,May-19
pop,18063,食品饮料及生鲜,18065,面点,72549,855424,May-19
self,18063,食品饮料及生鲜,18065,面点,75,7925,May-19
pop,18063,食品饮料及生鲜,18066,西式烘焙,17569,183818,May-19
pop,18063,食品饮料及生鲜,18067,冷冻调理品,3265,138881,May-19
pop,18063,食品饮料及生鲜,18068,冷藏熟食,767,37111,May-19
pop,18063,食品饮料及生鲜,18069,冷藏鲜食,175,1927,May-19
pop,18063,食品饮料及生鲜,18071,礼盒/卡券,1281,84173,May-19
pop,18063,食品饮料及生鲜,18072,蛋品,1635,44360,May-19
pop,18063,食品饮料及生鲜,18073,禽肉,2192,40098,May-19
pop,18063,食品饮料及生鲜,18074,猪牛羊肉,19000,822329,May-19
pop,18063,食品饮料及生鲜,18075,海鲜水产,3522,47266,May-19
pop,18063,食品饮料及生鲜,18076,水果,2419,144256,May-19
pop,18063,食品饮料及生鲜,18077,蔬菜,13651,165208,May-19
pop,18528,其他,18529,非遗陶瓷烧造,46,80166,May-19
pop,18528,其他,18530,非遗文房器乐,35,998,May-19
pop,18528,其他,18531,非遗编扎制,92,11358,May-19
pop,18528,其他,18532,非遗纺染织绣,3,3029,May-19
pop,18528,其他,18533,非遗金属加工,47,15238,May-19
pop,18528,其他,18534,非遗剪纸版绘,23,799,May-19
pop,18528,其他,18535,非遗雕刻塑造,208,23595,May-19
pop,18528,其他,18536,非遗漆器,12,7523,May-19
self,18712,食品饮料及生鲜,18728,基础食品,106,2759,May-19
pop,19882,其他,19883,手机/配件回收,753,0,May-19
pop,19882,其他,19886,电脑/配件回收,232,0,May-19
pop,19882,其他,19900,摄影摄像/配件回收,45,0,May-19
pop,19882,其他,19908,办公设备回收,87,0,May-19
pop,19882,其他,19922,影音/游戏回收,123,0,May-19
pop,19882,其他,19930,电子文化用品回收,5,0,May-19
